Index,CaseID
0,Case_0001
1,Case_0002
2,Case_0003
3,Case_0004
4,Case_0005
5,Case_0006
6,Case_0007
7,Case_0008
8,Case_0009
9,Case_0010
10,Case_0011
11,Case_0012
12,Case_0013
13,Case_0014
14,Case_0015
15,Case_0016
16,Case_0017
17,Case_0018
18,Case_0019
19,Case_0020
20,Case_0021
21,Case_0022
22,Case_0023
23,Case_0024
24,Case_0025
25,Case_0026
26,Case_0027
27,Case_0028
28,Case_0029
29,Case_0030
30,Case_0031
31,Case_0032
32,Case_0033
33,Case_0034
34,Case_0035
35,Case_0036
36,Case_0037
37,Case_0038
38,Case_0039
39,Case_0040
40,Case_0041
41,Case_0042
42,Case_0043
43,Case_0044
44,Case_0045
45,Case_0046
46,Case_0047
47,Case_0048
48,Case_0049
49,Case_0050
